## 熟悉事务隔离



### read uncommitted

read uncommitted 是隔离级别最低的档次。

```
查看事务隔离级别
show variables like 'transaction_isolation';

设置
set global transaction isolation level read UNCOMMITTED

```

设置完了一定要重新打开新命令行才行，不然也还是之前的隔离级别。

创建一个数据库并建立一张表，引擎一定要是MyISAM，默认的InnoDB是没有事务的。
```
-- ----------------------------
-- Table structure for aaa
-- ----------------------------
DROP TABLE IF EXISTS `aaa`;
CREATE TABLE `aaa` (
  `id` int NOT NULL AUTO_INCREMENT,
  `price` int DEFAULT '0',
  `name` varchar(10) COLLATE utf8mb4_general_ci DEFAULT NULL,
  PRIMARY KEY (`id`)
) ENGINE=MyISAM AUTO_INCREMENT=8 DEFAULT CHARSET=utf8mb4 COLLATE=utf8mb4_general_ci;

-- ----------------------------
-- Records of aaa
-- ----------------------------
BEGIN;
INSERT INTO `aaa` VALUES (1, 55, 'test');
COMMIT;

```


#### 脏读
脏读指的是读到了其他事务未提交的数据，未提交意味着这些数据可能会回滚，也就是可能最终不会存到数据库中，也就是不存在的数据。读到了并不一定最终存在的数据，这就是脏读。

```
设置事务级别为读未提交
show variables like 'transaction_isolation';
set global transaction isolation level read uncommitted;
```

开启二个命令行，按如下步骤进行测试。

#### 命令行一
```
mysql> begin;
Query OK, 0 rows affected (0.03 sec)
 
mysql> select * from aaa where id = 1;
+----+-------+------+
| id | price | name |
+----+-------+------+
|  1 |    55 | test |
+----+-------+------+
1 row in set (0.03 sec)
 
mysql> 

```
此时price为55


#### 命令行二
```
mysql> begin;
Query OK, 0 rows affected (0.03 sec)
 
mysql> update aaa set price = 999 where id = 1;
Query OK, 1 row affected (0.03 sec)
Rows matched: 1  Changed: 1  Warnings: 0
 
mysql> 
```



#### 命令行一
```
mysql> select * from aaa where id = 1;
+----+-------+------+
| id | price | name |
+----+-------+------+
|  1 |   999 | test |
+----+-------+------+
1 row in set (0.03 sec)
 
mysql> 
```
可以看到这里的price已经变为999，但是我命令行二还没有提交。

### 命令行二
```
mysql> rollback;
Query OK, 0 rows affected (0.03 sec)
```
我数据已经回滚了

#### 命令行一
```
mysql> select * from aaa where id = 1;
+----+-------+------+
| id | price | name |
+----+-------+------+
|  1 |   55 | test |
+----+-------+------+
1 row in set (0.03 sec)
 
mysql> 

```

这种情况称之为脏读




### read commited

```
show variables like 'transaction_isolation';
set global transaction isolation level read committed;
```


### 命令行一
```
begin;
```

### 命令行2
```
begin;
```

### 命令行一
```
mysql> select * from a;
+----+-------+------+
| id | price | name |
+----+-------+------+
|  1 |   125 | test |
+----+-------+------+
1 row in set (0.22 sec)
```

### 命令行2
```
mysql> update a set price = 999;
Query OK, 1 row affected (0.23 sec)
Rows matched: 1  Changed: 1  Warnings: 0
```


### 命令行一
```
mysql> select * from a;
+----+-------+------+
| id | price | name |
+----+-------+------+
|  1 |   125 | test |
+----+-------+------+
1 row in set (0.22 sec)
```

可以看到读取出来的价格还是125，已经解决了脏读的问题


### 命令行2
```
mysql> commit;
Query OK, 0 rows affected (0.05 sec)
```


### 命令行一
```
mysql> select * from a;
+----+-------+------+
| id | price | name |
+----+-------+------+
|  1 |   999 | test |
+----+-------+------+
1 row in set (0.03 sec)
```

### 新问题

命令行2执行commit提交，但是我们的命令行一的事务读取到的数据已经是最新的，这里就又涉及到另一个问题了，不可重复读，在一个事务里面，同样的一个sql读取到的值不一样。


### repeatable read

```
set global transaction isolation level repeatable read;
```


### 命令行一
```
mysql> begin;
Query OK, 0 rows affected (0.03 sec)
 
mysql> select * from a;
+----+-------+------+
| id | price | name |
+----+-------+------+
|  1 |   999 | test |
+----+-------+------+
1 row in set (0.03 sec)

```

### 命令行2
```
mysql> update a set price = 9999;
Query OK, 1 row affected (0.03 sec)
Rows matched: 1  Changed: 1  Warnings: 0
 
mysql> commit;
Query OK, 0 rows affected (0.04 sec)

```

### 命令行一
```
mysql> begin;
Query OK, 0 rows affected (0.03 sec)
 
mysql> select * from a;
+----+-------+------+
| id | price | name |
+----+-------+------+
|  1 |   999 | test |
+----+-------+------+
1 row in set (0.03 sec)

```

### 可重复读的 新问题
可以看到命令行2的事务提交后，并未影响到命令行一的事务这边来，已经解决了不可重复读的问题，这仅仅是对于update，但是如果是insert就不行了，我们测试一下新问题。




### 命令行一
```
mysql> select * from a;
+----+-------+------+
| id | price | name |
+----+-------+------+
|  1 |   444 | test |
|  9 |   123 | test |
| 10 |   100 | test |
| 11 |   100 | test |
| 12 |  1000 | test |
| 13 |  1000 | test |
+----+-------+------+
6 rows in set (0.03 sec)
```


### 命令行二
```
mysql> begin;
Query OK, 0 rows affected (0.03 sec)
 
mysql> insert into a (id,price,name) values (14,888,'test');
Query OK, 1 row affected (0.14 sec)
 
mysql> commit;
Query OK, 0 rows affected (0.04 sec)
```

### 命令行一
```
mysql> update a set price = 666 where name = 'test';
Query OK, 7 rows affected (0.03 sec)
Rows matched: 7  Changed: 7  Warnings: 0
```


此时看到我们的update命令影响了7行，刚刚查询的时候明明是只有6条，这种情况就称之为幻读。


















